{"cameraMode":{"drawMode":0,"name":"Shaded","section":"Shading Mode"},"sceneLighting":false,"audioPlay":false,"sceneViewState":{"showFog":true,"showMaterialUpdate":false,"showSkybox":false,"showFlares":true,"showImageEffects":true,"showParticleSystems":true,"showVisualEffectGraphs":true,"m_FxEnabled":true},"in2DMode":false,"pivot":{"x":-0.1135166734457016,"y":4.225700855255127,"z":1.5101475715637208},"rotation":{"x":0.010717915371060372,"y":-0.9885596632957459,"z":0.12402527034282685,"w":0.08533264696598053},"size":2.541088104248047,"orthographic":false}